variable,KS_stat,KS_p,min_df_real,min_df_syn,max_df_real,max_df_syn,mean_df_real,mean_df_syn,std_df_real,std_df_syn,Δmean_%,Δstd_%,corr_diff_OB,corr_absdiff_OB
E,0.12994871794871796,0.0441690297186941,47.0,47.0,84.0,84.0,67.95384615384616,70.228,9.111164731235766,10.015651205803106,3.346615349784859,9.927232151410832,-0.014494629027681907,0.014494629027681907
OB,0.22789743589743588,1.7439016506193338e-05,16.34465789794922,16.34465789794922,28.62692451477051,28.62692451477051,24.159813181559244,23.516685908065213,1.935600324525311,3.2482310261997984,2.661971219152025,67.81517263878949,,
RD,0.2563076923076923,7.908768044308238e-07,2.3045048320546,2.3045048320546,2.76527281622122,2.76527281622122,2.5327704661695654,2.4835215153723076,0.0939844978737863,0.12491494350442975,1.9444695622860748,32.910156813149634,0.25984055103555836,0.25984055103555836
TC,0.29805128205128206,4.225946668438928e-09,210.361040496,210.361040496,378.44629769232006,378.44629769232006,265.86332496566956,257.3681011950232,31.658854358240923,42.398983570170856,3.1953349608274486,33.92456685386626,-0.17418378371282658,0.17418378371282658
UCS,0.2508717948717949,1.4715370657896055e-06,32.6004485087874,32.6004485087874,38.9753699592698,38.9753699592698,34.74637089848558,34.377097653947786,1.8443556740069933,2.0512489105018417,1.0627678085191865,11.217643072349814,0.25648262671985933,0.25648262671985933
W,0.26605128205128203,2.510357321070874e-07,50.0,50.0,80.0,80.0,67.32820512820513,71.992,8.56840121254536,8.278773360432911,6.926955594485396,3.380185462001465,-0.14600725885369747,0.14600725885369747
