variable,KS_stat,KS_p,min_df_real,min_df_syn,max_df_real,max_df_syn,mean_df_real,mean_df_syn,std_df_real,std_df_syn,Δmean_%,Δstd_%,corr_diff_OB,corr_absdiff_OB
E,0.07689887640449439,0.797128145200572,48.0,48.0,84.0,84.0,67.12359550561797,67.568,10.389921060946847,10.41148269400426,0.6620689655172389,0.20752451275549788,-0.3516983369339282,0.3516983369339282
OB,0.16593258426966292,0.046879346699248536,19.72596168518066,19.72596168518066,28.0965747833252,28.0965747833252,24.546923690967347,24.104597587258898,1.895670772009485,2.158456037452217,1.8019614566659379,13.862389467767697,,
RD,0.18543820224719101,0.018602705859074125,2.52772931277384,2.52772931277384,2.79520196953427,2.79520196953427,2.6668911851242982,2.6902173228948203,0.06503598452989645,0.07090748949969217,0.8746565251940015,9.028086546466222,-0.014669915158062236,0.014669915158062236
TC,0.15469662921348315,0.07612091806655898,221.670773856,221.670773856,363.1555381896001,363.1555381896001,284.63841325390655,276.76755153638044,34.52382547680247,38.00899916842521,2.7652141633128844,10.094981200633244,0.11796262063061759,0.11796262063061759
UCS,0.08705617977528089,0.6623722386354856,39.0466544976046,39.0466544976046,49.1266576944503,49.1266576944503,43.32996210733686,43.62050163016106,2.89049422350431,3.05471815668628,0.6705279873184905,5.681517432088667,0.21905279144361844,0.21905279144361844
W,0.1350561797752809,0.16349875910576922,50.0,50.0,80.0,80.0,70.58426966292134,72.04,7.331143078370962,7.372367816984966,2.0624005093919,0.5623234763433137,0.16562510144989775,0.16562510144989775
