variable,KS_stat,KS_p,min_df_real,min_df_syn,max_df_real,max_df_syn,mean_df_real,mean_df_syn,std_df_real,std_df_syn,Δmean_%,Δstd_%,corr_diff_OB,corr_absdiff_OB
E,0.16561797752808988,0.0475056959643435,48.0,48.0,84.0,84.0,67.12359550561797,70.888,10.389921060946847,10.035051821502517,5.608168731168332,3.4155142985461353,-0.025395427170260776,0.025395427170260776
OB,0.1731685393258427,0.0336935544175443,19.72596168518066,19.72596168518066,28.0965747833252,28.0965747833252,24.546923690967347,23.869938886160096,1.895670772009485,2.171333914395579,2.7579211689827225,14.541720348082114,,
RD,0.12808988764044943,0.20927665364990886,2.52772931277384,2.52772931277384,2.79520196953427,2.79520196953427,2.6668911851242982,2.6815542080569803,0.06503598452989645,0.06513677656759365,0.5498170684453013,0.15497887580884076,-0.18223845342435363,0.18223845342435363
TC,0.08579775280898877,0.6798288326708105,221.670773856,221.670773856,363.1555381896001,363.1555381896001,284.63841325390655,282.7369080800298,34.52382547680247,33.85457031935499,0.6680423601787431,1.9385312844231368,0.0339826518199543,0.0339826518199543
UCS,0.1381123595505618,0.1461690327331632,39.0466544976046,39.0466544976046,49.1266576944503,49.1266576944503,43.32996210733686,43.33783510605601,2.89049422350431,3.337152328667757,0.01816987215370201,15.452655173335152,-0.28859629299918754,0.28859629299918754
W,0.2602247191011236,0.00020657272698781508,50.0,52.0,80.0,80.0,70.58426966292134,74.544,7.331143078370962,5.906913789965818,5.60993314231129,19.427110795407152,0.2687224596592358,0.2687224596592358
