variable,KS_stat,KS_p,min_df_real,min_df_syn,max_df_real,max_df_syn,mean_df_real,mean_df_syn,std_df_real,std_df_syn,Δmean_%,Δstd_%,corr_diff_OB,corr_absdiff_OB
E,0.148,0.014420675781881645,47.0,47.0,84.0,84.0,67.95384615384616,65.38,9.111164731235766,8.349999398792754,3.787638668779671,8.35420448313736,0.05431139414242423,0.05431139414242423
OB,0.3616410256410256,2.8761226815195147e-13,16.34465789794922,17.841361692309057,28.62692451477051,27.568930033680136,24.159813181559244,22.722756501317942,1.935600324525311,1.6986617700296327,5.948128279974126,12.241088797795229,,
RD,0.11702564102564103,0.09004258626897776,2.3045048320546,2.3045048320546,2.76527281622122,2.76527281622122,2.5327704661695654,2.5554198323201245,0.0939844978737863,0.09458833891810196,0.894252615982369,0.6424900467310636,0.1631989588684854,0.1631989588684854
TC,0.16297435897435897,0.0051007352269127155,210.361040496,210.361040496,378.44629769232006,378.44629769232006,265.86332496566956,275.7512989672036,31.658854358240923,40.33758438831616,3.7191944405309747,27.413278863061116,0.15192303714585717,0.15192303714585717
UCS,0.09292307692307693,0.2783084933131138,32.6004485087874,32.6004485087874,38.9753699592698,38.9753699592698,34.74637089848558,34.78125983730484,1.8443556740069933,1.7674964928289745,0.10041031024847866,4.167264604174483,0.2034608940398343,0.2034608940398343
W,0.16892307692307693,0.0032825670200960885,50.0,50.0,80.0,80.0,67.32820512820513,64.524,8.56840121254536,8.382510957931363,4.164978292329892,2.1694858819380034,-0.1604339640255451,0.1604339640255451
