variable,KS_stat,KS_p,min_df_real,min_df_syn,max_df_real,max_df_syn,mean_df_real,mean_df_syn,std_df_real,std_df_syn,Δmean_%,Δstd_%,corr_diff_OB,corr_absdiff_OB
E,0.2604494382022472,0.00020353036779798851,48.0,48.0,84.0,84.0,67.12359550561797,60.592,10.389921060946847,10.076491389112553,9.730699698694192,3.0166703865765534,-0.043050082067100814,0.043050082067100814
OB,0.21591011235955057,0.0035776891345651856,19.72596168518066,19.72596168518066,28.0965747833252,28.0965747833252,24.546923690967347,23.65226498738001,1.895670772009485,1.8676233858811198,3.644687680014711,1.4795494313930417,,
RD,0.31573033707865167,2.61589621729128e-06,2.52772931277384,2.52772931277384,2.79520196953427,2.75157286453208,2.6668911851242982,2.624881589982977,0.06503598452989645,0.055515864576031144,1.5752271924565817,14.638234544358456,-0.015639824800385033,0.015639824800385033
TC,0.19802247191011235,0.009698266940324747,221.670773856,232.6198126259389,363.1555381896001,363.1555381896001,284.63841325390655,300.6278784828663,34.52382547680247,36.54192052198294,5.6174656983829525,5.845513981457305,0.024094415996649965,0.024094415996649965
UCS,0.1411685393258427,0.13036941811475486,39.0466544976046,39.0466544976046,49.1266576944503,49.1266576944503,43.32996210733686,43.99168817469292,2.89049422350431,3.28950421936672,1.5271789661777577,13.804213570734259,-0.14648251111927948,0.14648251111927948
W,0.1150561797752809,0.31974311857825716,50.0,50.0,80.0,80.0,70.58426966292134,71.38,7.331143078370962,7.877806760604739,1.1273479783508282,7.456731868274697,0.22530257476611806,0.22530257476611806
