variable,KS_stat,KS_p,min_df_real,min_df_syn,max_df_real,max_df_syn,mean_df_real,mean_df_syn,std_df_real,std_df_syn,Δmean_%,Δstd_%,corr_diff_OB,corr_absdiff_OB
E,0.0758974358974359,0.521603375212981,47.0,47.0,84.0,84.0,67.95384615384616,66.74,9.111164731235766,9.168240098624386,1.7862802807335163,0.6264332724985499,0.11441721651183681,0.11441721651183681
OB,0.124,0.06187332963455688,16.34465789794922,16.34465789794922,28.62692451477051,28.62692451477051,24.159813181559244,24.043051499048612,1.935600324525311,2.227849630396571,0.4832888467852423,15.098639020055984,,
RD,0.06215384615384616,0.7604104073372107,2.3045048320546,2.3045048320546,2.76527281622122,2.76527281622122,2.5327704661695654,2.5307202465019225,0.0939844978737863,0.10790384739688418,0.08094770904142329,14.810261093954407,-0.011289171632274275,0.011289171632274275
TC,0.23005128205128206,1.3976067780124601e-05,210.361040496,210.361040496,378.44629769232006,378.44629769232006,265.86332496566956,257.1494160745155,31.658854358240923,34.921118048198004,3.277589675928126,10.304427485095644,-0.036920744615439496,0.036920744615439496
UCS,0.11415384615384615,0.10442637621564888,32.6004485087874,32.6004485087874,38.9753699592698,38.9753699592698,34.74637089848558,34.57790325086845,1.8443556740069933,1.908634037823107,0.48484962101312695,3.485139266897994,0.021700981710907646,0.021700981710907646
W,0.05292307692307692,0.8975279246767689,50.0,50.0,80.0,80.0,67.32820512820513,67.548,8.56840121254536,8.387197166230258,0.32645289054764226,2.1147941351039026,-0.15467372157847872,0.15467372157847872
