variable,KS_stat,KS_p,min_df_real,min_df_syn,max_df_real,max_df_syn,mean_df_real,mean_df_syn,std_df_real,std_df_syn,Δmean_%,Δstd_%,corr_diff_OB,corr_absdiff_OB
E,0.0873269905741595,0.57576454849228,48.0,48.0,84.0,84.0,67.12359550561797,66.01178781925344,10.389921060946847,10.560467926234729,1.6563589569206827,1.6414644951337438,-0.03025628017258014,0.03025628017258014
OB,0.171144124853756,0.020533280579452216,19.72596168518066,19.72596168518066,28.0965747833252,28.0965747833252,24.546923690967347,25.140054264901174,1.895670772009485,1.940066548428667,2.416313267605342,2.3419560545366926,,
RD,0.11995320191607249,0.20630741535701314,2.52772931277384,2.52772931277384,2.79520196953427,2.79520196953427,2.6668911851242982,2.6796806226859697,0.06503598452989645,0.06752194059121304,0.4795635319882996,3.822431657255211,0.06454188710249001,0.06454188710249001
TC,0.17094545374274298,0.020743795216976862,221.670773856,221.670773856,363.1555381896001,363.1555381896001,284.63841325390655,297.33578385109075,34.52382547680247,36.078532081755824,4.460877381949744,4.503286016197593,0.04467114267276781,0.04467114267276781
UCS,0.12692876536941788,0.15814023735525562,39.0466544976046,39.0466544976046,49.1266576944503,49.1266576944503,43.32996210733686,44.20584199921303,2.89049422350431,2.9893245451347643,2.0214185503011044,3.4191495982511406,0.03116309659589704,0.03116309659589704
W,0.11979867994084016,0.20752113892161475,50.0,50.0,80.0,80.0,70.58426966292134,71.67779960707269,7.331143078370962,6.255259068566364,1.54925445764833,14.675528745014228,0.024240482973614585,0.024240482973614585
