variable,KS_stat,KS_p,min_df_real,min_df_syn,max_df_real,max_df_syn,mean_df_real,mean_df_syn,std_df_real,std_df_syn,Δmean_%,Δstd_%,corr_diff_OB,corr_absdiff_OB
E,0.21456179775280898,0.00387486376472967,48.0,48.0,84.0,84.0,67.12359550561797,63.512,10.389921060946847,9.830790087014357,5.3805155674588985,5.3814747066180475,-0.2306461706099792,0.2306461706099792
OB,0.11208988764044944,0.34987052051951967,19.72596168518066,19.72596168518066,28.0965747833252,28.0965747833252,24.546923690967347,24.889870199608442,1.895670772009485,2.0404728737404128,1.3971058571680686,7.638568039816087,,
RD,0.12040449438202247,0.27037119896687456,2.52772931277384,2.52772931277384,2.79520196953427,2.79520196953427,2.6668911851242982,2.6770863366275424,0.06503598452989645,0.0767528171212743,0.3822859950232701,18.0159225325659,0.3107998523177072,0.3107998523177072
TC,0.09469662921348315,0.5590923015038306,221.670773856,221.670773856,363.1555381896001,363.1555381896001,284.63841325390655,287.9143035658557,34.52382547680247,38.91091529142731,1.1508953673891218,12.707426694566388,-0.10908778020396062,0.10908778020396062
UCS,0.1541123595505618,0.0779269786403262,39.0466544976046,39.0466544976046,49.1266576944503,49.1266576944503,43.32996210733686,42.705868853951756,2.89049422350431,2.9055061316870825,1.440327254012105,0.5193543740961863,0.32261695774891797,0.32261695774891797
W,0.08764044943820225,0.654811732221542,50.0,50.0,80.0,80.0,70.58426966292134,70.196,7.331143078370962,8.823434477794672,0.5500795924864577,20.35550777649132,-0.10336298660985968,0.10336298660985968
