variable,KS_stat,KS_p,min_df_real,min_df_syn,max_df_real,max_df_syn,mean_df_real,mean_df_syn,std_df_real,std_df_syn,Δmean_%,Δstd_%,corr_diff_OB,corr_absdiff_OB
E,0.1207191011235955,0.2672914159820427,48.0,48.0,84.0,84.0,67.12359550561797,69.96,10.389921060946847,9.472344018500346,4.225644459323675,8.831414955551095,-0.14816814581221027,0.14816814581221027
OB,0.18220224719101125,0.021831647952155378,19.72596168518066,19.72596168518066,28.0965747833252,28.0965747833252,24.546923690967347,25.142101283671444,1.895670772009485,1.7634832086298913,2.42465247457091,6.973128737929529,,
RD,0.06233707865168539,0.9427893572417401,2.52772931277384,2.52772931277384,2.79520196953427,2.79520196953427,2.6668911851242982,2.6680202564777233,0.06503598452989645,0.06815580703498943,0.042336611246928585,4.797071233096887,0.0004782669856991939,0.0004782669856991939
TC,0.07069662921348314,0.8695500585676653,221.670773856,221.670773856,363.1555381896001,363.1555381896001,284.63841325390655,286.1336115136524,34.52382547680247,36.609031526003555,0.5252974265325454,6.0399043860366275,-0.12110618796864656,0.12110618796864656
UCS,0.11532584269662921,0.31723672951368337,39.0466544976046,39.0466544976046,49.1266576944503,49.1266576944503,43.32996210733686,42.57494079524297,2.89049422350431,2.6482978016404557,1.7424924356581104,8.37906610898333,0.04992617191186613,0.04992617191186613
W,0.11285393258426966,0.341963042862158,50.0,50.0,80.0,80.0,70.58426966292134,72.208,7.331143078370962,6.806913565571156,2.3004138809296126,7.150719979076205,0.05111142122931214,0.05111142122931214
