variable,KS_stat,KS_p,min_df_real,min_df_syn,max_df_real,max_df_syn,mean_df_real,mean_df_syn,std_df_real,std_df_syn,Δmean_%,Δstd_%,corr_diff_OB,corr_absdiff_OB
E,0.07366883280439272,0.4047016968146855,47.0,47.0,84.0,84.0,67.95384615384616,66.68958742632613,9.111164731235766,9.283478976981746,1.8604667713108611,1.891242786503651,0.1297155559093692,0.1297155559093692
OB,0.1280943025540275,0.01752138783209254,16.34465789794922,16.34465789794922,28.62692451477051,28.62692451477051,24.159813181559244,23.9000777410403,1.935600324525311,2.152875196886038,1.0750722224838463,11.225193011573785,,
RD,0.0807717495340285,0.29675214454855486,2.3045048320546,2.3045048320546,2.76527281622122,2.76527281622122,2.5327704661695654,2.527208624735881,0.0939844978737863,0.10790257111126358,0.21959516300320198,14.808903119342157,0.0075079861977916384,0.0075079861977916384
TC,0.219968767316508,1.7955808379967277e-06,210.361040496,210.361040496,378.44629769232006,378.44629769232006,265.86332496566956,256.3306092908196,31.658854358240923,33.71918833339119,3.585570020265435,6.507923350087641,-0.1144806840660598,0.1144806840660598
UCS,0.11905697445972495,0.03323791778186025,32.6004485087874,32.6004485087874,38.9753699592698,38.9753699592698,34.74637089848558,34.51433269639366,1.8443556740069933,1.7641069648333003,0.667805575350109,4.351043039290977,0.04938652264828819,0.04938652264828819
W,0.07134149413127802,0.44462189520290746,50.0,50.0,80.0,80.0,67.32820512820513,67.82711198428291,8.56840121254536,8.203464057851319,0.7410072125460115,4.259104419149739,-0.1758734032833435,0.1758734032833435
