variable,KS_stat,KS_p,min_df_real,min_df_syn,max_df_real,max_df_syn,mean_df_real,mean_df_syn,std_df_real,std_df_syn,Δmean_%,Δstd_%,corr_diff_OB,corr_absdiff_OB
E,0.16071794871794873,0.006003758152964666,47.0,47.0,84.0,84.0,67.95384615384616,70.532,9.111164731235766,8.168959763302658,3.793977812995179,10.34121317884691,-0.07132492663940382,0.07132492663940382
OB,0.48912820512820515,2.4851399080304225e-24,16.34465789794922,21.235105396513493,28.62692451477051,28.62692451477051,24.159813181559244,26.212076309688186,1.935600324525311,1.7989005549836266,8.494532274344378,7.062396498364832,,
RD,0.17076923076923076,0.002853874997704084,2.3045048320546,2.3045048320546,2.76527281622122,2.76527281622122,2.5327704661695654,2.5042205425751303,0.0939844978737863,0.1175381811158286,1.1272211191565766,25.061242837539464,0.13281271669108205,0.13281271669108205
TC,0.09446153846153846,0.26100247452037273,210.361040496,210.361040496,378.44629769232006,378.44629769232006,265.86332496566956,268.3284518276299,31.658854358240923,39.29290624037554,0.9272158400481393,24.11348116312111,0.11761822926625026,0.11761822926625026
UCS,0.07128205128205128,0.6009556317148165,32.6004485087874,32.6004485087874,38.9753699592698,38.9753699592698,34.74637089848558,34.74088478720811,1.8443556740069933,1.8709438782498364,0.015789019502204137,1.4415985277429686,0.07581497658741172,0.07581497658741172
W,0.12553846153846154,0.056795881707914414,50.0,50.0,80.0,80.0,67.32820512820513,69.688,8.56840121254536,7.744323999992993,3.5049127884834634,9.6176310155237,-0.060744542487511266,0.060744542487511266
