variable,KS_stat,KS_p,min_df_real,min_df_syn,max_df_real,max_df_syn,mean_df_real,mean_df_syn,std_df_real,std_df_syn,Δmean_%,Δstd_%,corr_diff_OB,corr_absdiff_OB
E,0.134876404494382,0.16461887902966427,48.0,48.0,84.0,84.0,67.12359550561797,69.584,10.389921060946847,10.928525733089307,3.6654837629728436,5.183914959343538,-0.3422980751655447,0.3422980751655447
OB,0.14862921348314606,0.09753179225533723,19.72596168518066,19.72596168518066,28.0965747833252,28.0965747833252,24.546923690967347,25.00882726941743,1.895670772009485,2.1928429425163447,1.8817167652663294,15.676359782225733,,
RD,0.3074606741573034,5.349606399103027e-06,2.52772931277384,2.52772931277384,2.79520196953427,2.79520196953427,2.6668911851242982,2.6207163696582594,0.06503598452989645,0.07835703910789175,1.7314098049287088,20.482590790436806,0.051864474450130565,0.051864474450130565
TC,0.1413932584269663,0.12931716015754222,221.670773856,221.670773856,363.1555381896001,363.1555381896001,284.63841325390655,293.4751729067813,34.52382547680247,41.73934834576317,3.104556251510604,20.900125548974287,0.12364584505254105,0.12364584505254105
UCS,0.2621123595505618,0.00018050319498938075,39.0466544976046,39.0466544976046,49.1266576944503,49.1266576944503,43.32996210733686,41.68846145536692,2.89049422350431,2.5898421058230023,3.7883731536703933,10.40140870154399,0.2185741293053699,0.2185741293053699
W,0.2430561797752809,0.0006653326479285584,50.0,50.0,80.0,80.0,70.58426966292134,72.912,7.331143078370962,7.521338853728799,3.2978032473734173,2.594353613407771,0.1053697837114671,0.1053697837114671
