variable,KS_stat,KS_p,min_df_real,min_df_syn,max_df_real,max_df_syn,mean_df_real,mean_df_syn,std_df_real,std_df_syn,Δmean_%,Δstd_%,corr_diff_OB,corr_absdiff_OB
E,0.07428263095271037,0.16257585246320683,47.0,47.0,84.0,84.0,67.69366197183099,66.35068762278978,9.519618684562289,9.943389641371882,1.9838996885706062,4.451553899913724,0.10688392454057229,0.10688392454057229
OB,0.10007886217106174,0.02154368485637336,16.34465789794922,16.34465789794922,28.62692451477051,28.62692451477051,24.28112598204277,24.520066002970736,1.9282371448295248,2.1400932570485542,0.9840565923699992,10.987036153047956,,
RD,0.15447300700074712,4.265271634499067e-05,2.3045048320546,2.3045048320546,2.79520196953427,2.79520196953427,2.5748012548560837,2.603444623710925,0.10608824167993909,0.11794390743335675,1.112449700760745,11.175287256691119,-0.07679694845894366,0.07679694845894366
TC,0.11387282437256149,0.005722590716836221,210.361040496,210.361040496,378.44629769232006,378.44629769232006,271.74706742219456,276.8331965709552,33.672232725147694,40.483237816335816,1.871640859644912,20.227364032505047,-0.17230891878005272,0.17230891878005272
UCS,0.19751514983812501,4.5863456499357486e-08,32.6004485087874,32.6004485087874,49.1266576944503,49.1266576944503,37.43629912942841,39.36008734780334,4.565022390776883,5.433467668944299,5.138831196224209,19.023899640050463,-0.15588570886378825,0.15588570886378825
W,0.11416336921331526,0.005554057482510936,50.0,50.0,80.0,80.0,68.34859154929578,69.7524557956778,8.3264849346016,7.541274096955944,2.053976848037145,9.430279929800077,-0.17596628614229334,0.17596628614229334
