variable,KS_stat,KS_p,min_df_real,min_df_syn,max_df_real,max_df_syn,mean_df_real,mean_df_syn,std_df_real,std_df_syn,Δmean_%,Δstd_%,corr_diff_OB,corr_absdiff_OB
E,0.08594871794871795,0.36667732072293713,47.0,47.0,84.0,84.0,67.95384615384616,69.064,9.111164731235766,8.597416255193199,1.633688023545353,5.638669601497038,0.005425904222100781,0.005425904222100781
OB,0.14594871794871794,0.016494918074962516,16.34465789794922,19.797939858162977,28.62692451477051,28.62692451477051,24.159813181559244,24.716060154888194,1.935600324525311,2.0323937436312165,2.3023645470632204,5.0006924404496145,,
RD,0.10553846153846154,0.15933052847474097,2.3045048320546,2.3045048320546,2.76527281622122,2.76527281622122,2.5327704661695654,2.5253579177164927,0.0939844978737863,0.11809577143518782,0.2926656225694288,25.654521869685894,-0.027408282031092357,0.027408282031092357
TC,0.21302564102564103,7.588155327974372e-05,210.361040496,210.361040496,378.44629769232006,378.44629769232006,265.86332496566956,281.3584625075585,31.658854358240923,40.821484059084895,5.828234316970848,28.941760169722045,0.15558067973190098,0.15558067973190098
UCS,0.2315897435897436,1.1918476952699856e-05,32.6004485087874,32.6004485087874,38.9753699592698,38.9753699592698,34.74637089848558,35.67096755059925,1.8443556740069933,1.9648940138955486,2.6609876893760513,6.535525744153886,0.07498230841932291,0.07498230841932291
W,0.1524102564102564,0.010729321719553521,50.0,50.0,80.0,80.0,67.32820512820513,70.28,8.56840121254536,8.321935981122156,4.384187676136735,2.876443636443118,0.12343709394305565,0.12343709394305565
