variable,KS_stat,KS_p,min_df_real,min_df_syn,max_df_real,max_df_syn,mean_df_real,mean_df_syn,std_df_real,std_df_syn,Δmean_%,Δstd_%,corr_diff_OB,corr_absdiff_OB
E,0.16574358974358974,0.004163066436577749,47.0,47.0,84.0,84.0,67.95384615384616,64.676,9.111164731235766,8.264880944581867,4.8236359520035546,9.288425921578337,0.021740161878540998,0.021740161878540998
OB,0.1473846153846154,0.015017552655487876,16.34465789794922,16.34465789794922,28.62692451477051,28.62692451477051,24.159813181559244,23.644017102382765,1.935600324525311,1.9819750596405883,2.1349340547473905,2.395883826203959,,
RD,0.10738461538461538,0.14592723826786272,2.3045048320546,2.3045048320546,2.76527281622122,2.76527281622122,2.5327704661695654,2.5218784026894796,0.0939844978737863,0.11634088855626838,0.43004542360106024,23.787317257647178,-0.15969990986668536,0.15969990986668536
TC,0.20358974358974358,0.00018304981877400003,210.361040496,215.66328469732937,378.44629769232006,378.44629769232006,265.86332496566956,284.9548798905008,31.658854358240923,43.067578555288925,7.1809659821626175,36.03644044711905,0.024438214414046627,0.024438214414046627
UCS,0.11292307692307692,0.11115608722511584,32.6004485087874,32.6004485087874,38.9753699592698,38.9753699592698,34.74637089848558,35.21468919935228,1.8443556740069933,2.066138736837778,1.3478193225845547,12.02496166852812,0.014365811431147152,0.014365811431147152
W,0.13035897435897437,0.043129146665633125,50.0,50.0,80.0,80.0,67.32820512820513,70.004,8.56840121254536,8.235732704058016,3.974255465001093,3.882503867818791,-0.07627232844371258,0.07627232844371258
