variable,KS_stat,KS_p,min_df_real,min_df_syn,max_df_real,max_df_syn,mean_df_real,mean_df_syn,std_df_real,std_df_syn,Δmean_%,Δstd_%,corr_diff_OB,corr_absdiff_OB
E,0.07405128205128206,0.5529035954648093,47.0,47.0,84.0,84.0,67.95384615384616,68.292,9.111164731235766,8.74991313783621,0.4976228209191655,3.964933178751993,0.10223328076785701,0.10223328076785701
OB,0.26194871794871794,4.091468950617644e-07,16.34465789794922,18.25811031309573,28.62692451477051,28.62692451477051,24.159813181559244,25.377694843550078,1.935600324525311,2.0129710846074675,5.0409398981626685,3.997248765759068,,
RD,0.11097435897435898,0.12250736722303081,2.3045048320546,2.3045048320546,2.76527281622122,2.76527281622122,2.5327704661695654,2.5174741277755204,0.0939844978737863,0.10064311743545491,0.6039370167314196,7.084806231065646,-0.07343391654616421,0.07343391654616421
TC,0.07774358974358975,0.49100549111000036,210.361040496,210.361040496,378.44629769232006,378.44629769232006,265.86332496566956,265.1188914725997,31.658854358240923,31.4392225872672,0.28000608702458646,0.6937451636387016,-0.04437452894040288,0.04437452894040288
UCS,0.11876923076923077,0.08214626189439746,32.6004485087874,32.6004485087874,38.9753699592698,38.9753699592698,34.74637089848558,34.72901037065627,1.8443556740069933,1.8688004486044356,0.04996357139003292,1.3253828934373086,0.08612796165255822,0.08612796165255822
W,0.084,0.3942825659804885,50.0,50.0,80.0,80.0,67.32820512820513,68.032,8.56840121254536,8.053471899656335,1.0453195216695674,6.009631203252193,-0.2044380209277598,0.2044380209277598
