variable,KS_stat,KS_p,min_df_real,min_df_syn,max_df_real,max_df_syn,mean_df_real,mean_df_syn,std_df_real,std_df_syn,Δmean_%,Δstd_%,corr_diff_OB,corr_absdiff_OB
E,0.1858426966292135,0.01820256259668735,48.0,48.0,84.0,84.0,67.12359550561797,63.288,10.389921060946847,10.136273088690638,5.714228322731748,2.441288733266556,-0.06611323807766806,0.06611323807766806
OB,0.31874157303370787,2.0323601826640107e-06,19.72596168518066,19.72596168518066,28.0965747833252,28.0965747833252,24.546923690967347,25.79295693513283,1.895670772009485,1.9044388923428062,5.076127908540896,0.46253392006577276,,
RD,0.14880898876404494,0.09686800003177494,2.52772931277384,2.52772931277384,2.79520196953427,2.79520196953427,2.6668911851242982,2.6583168174282745,0.06503598452989645,0.08394532861798945,0.3215117191075369,29.07520232758188,0.24268704996905432,0.24268704996905432
TC,0.1493932584269663,0.09458082921278053,221.670773856,221.670773856,363.1555381896001,363.1555381896001,284.63841325390655,293.0771282651692,34.52382547680247,37.275544712773474,2.964714043615413,7.970493414236147,-0.15517122792164226,0.15517122792164226
UCS,0.1861123595505618,0.018009227746150155,39.0466544976046,39.0466544976046,49.1266576944503,49.1266576944503,43.32996210733686,42.414717120823504,2.89049422350431,2.941950522803732,2.112268144260302,1.7801903522581992,0.10146130979257989,0.10146130979257989
W,0.09487640449438202,0.5565922214490863,50.0,50.0,80.0,80.0,70.58426966292134,70.172,7.331143078370962,8.74438523238595,0.5840815027061338,19.27724147390162,-0.1452279775581374,0.1452279775581374
