variable,KS_stat,KS_p,min_df_real,min_df_syn,max_df_real,max_df_syn,mean_df_real,mean_df_syn,std_df_real,std_df_syn,Δmean_%,Δstd_%,corr_diff_OB,corr_absdiff_OB
E,0.17076923076923076,0.002853874997704084,47.0,47.0,84.0,84.0,67.95384615384616,64.116,9.111164731235766,9.056634835199695,5.647724700022563,0.5984953367061857,-0.21088612037733187,0.21088612037733187
OB,0.18502564102564104,0.0009189745181025745,16.34465789794922,16.34465789794922,28.62692451477051,28.62692451477051,24.159813181559244,23.663503142258524,1.935600324525311,2.422725280404139,2.0542792925217004,25.1666085041621,,
RD,0.22615384615384615,2.0829321774841706e-05,2.3045048320546,2.3045048320546,2.76527281622122,2.76527281622122,2.5327704661695654,2.486764566587415,0.0939844978737863,0.11113827184772619,1.8164259334446924,18.25170571937676,0.05366190253286704,0.05366190253286704
TC,0.23282051282051283,1.0481859517113777e-05,210.361040496,210.361040496,378.44629769232006,378.44629769232006,265.86332496566956,258.4187256168921,31.658854358240923,41.494865500171436,2.8001603266410373,31.068752616974752,0.22716670630104313,0.22716670630104313
UCS,0.18276923076923077,0.0011062509016638597,32.6004485087874,32.6004485087874,38.9753699592698,38.9753699592698,34.74637089848558,34.05837208448393,1.8443556740069933,1.548670348190062,1.980059488836052,16.031903714882365,0.04952532590547973,0.04952532590547973
W,0.08205128205128205,0.4232007210760631,50.0,50.0,80.0,80.0,67.32820512820513,67.836,8.56840121254536,8.943435814982228,0.7542082412978786,4.376949598108454,0.12212138606562391,0.12212138606562391
