variable,KS_stat,KS_p,min_df_real,min_df_syn,max_df_real,max_df_syn,mean_df_real,mean_df_syn,std_df_real,std_df_syn,Δmean_%,Δstd_%,corr_diff_OB,corr_absdiff_OB
E,0.05244943820224719,0.9880701456752775,48.0,48.0,84.0,84.0,67.12359550561797,66.736,10.389921060946847,10.567544463305358,0.5774355540676012,1.7095741278163987,-0.049265922933294626,0.049265922933294626
OB,0.3635056179775281,2.9950590402377155e-08,19.72596168518066,20.060510872708296,28.0965747833252,28.0965747833252,24.546923690967347,26.02448808986915,1.895670772009485,1.5881258056676921,6.019346527913183,16.223543184960377,,
RD,0.07325842696629213,0.8411007532189785,2.52772931277384,2.53191826882685,2.79520196953427,2.79520196953427,2.6668911851242982,2.664005059422316,0.06503598452989645,0.05988062786701642,0.10822060225328332,7.926929529960276,0.08394613798123753,0.08394613798123753
TC,0.09784269662921348,0.5173024424355528,221.670773856,225.33876850030805,363.1555381896001,363.1555381896001,284.63841325390655,284.627513876274,34.52382547680247,31.479334174451026,0.0038292012339240845,8.818522456026887,-0.08345534514484546,0.08345534514484546
UCS,0.2419325842696629,0.000716768557336251,39.0466544976046,39.0466544976046,49.1266576944503,49.1266576944503,43.32996210733686,44.97741138341496,2.89049422350431,3.157722587472745,3.80210181582205,9.245075177640944,-0.09888014221206365,0.09888014221206365
W,0.17797752808988765,0.026856857407194908,50.0,51.0,80.0,80.0,70.58426966292134,73.444,7.331143078370962,6.189029028958028,4.05151225724287,15.578935470272741,0.17254966105084618,0.17254966105084618
