variable,KS_stat,KS_p,min_df_real,min_df_syn,max_df_real,max_df_syn,mean_df_real,mean_df_syn,std_df_real,std_df_syn,Δmean_%,Δstd_%,corr_diff_OB,corr_absdiff_OB
E,0.06876404494382023,0.8887748560481277,48.0,48.0,84.0,84.0,67.12359550561797,66.82,10.389921060946847,10.733893322716312,0.452293270840301,3.3106340245677077,-0.3437678145811468,0.3437678145811468
OB,0.22440449438202248,0.0021638848176350985,19.72596168518066,19.72596168518066,28.0965747833252,28.0965747833252,24.546923690967347,25.360349461936128,1.895670772009485,2.1703404278259164,3.31375850273274,14.48931216706612,,
RD,0.18858426966292136,0.01589426434214957,2.52772931277384,2.52772931277384,2.79520196953427,2.79520196953427,2.6668911851242982,2.686186349623468,0.06503598452989645,0.07797022593513941,0.7235077534017706,19.887822869965674,-0.0037692935699395747,0.0037692935699395747
TC,0.2133932584269663,0.004155475150304668,221.670773856,221.670773856,363.1555381896001,363.1555381896001,284.63841325390655,299.3055766539576,34.52382547680247,42.22785486065917,5.152910751707784,22.31510928310372,0.20902292019785043,0.20902292019785043
UCS,0.1501123595505618,0.09178792543470721,39.0466544976046,39.0466544976046,49.1266576944503,49.1266576944503,43.32996210733686,42.56149408216173,2.89049422350431,2.9616983116296316,1.773525726312585,2.4633880097837433,0.2764766939155643,0.2764766939155643
W,0.1550561797752809,0.074908488876356,50.0,50.0,80.0,80.0,70.58426966292134,70.612,7.331143078370962,8.52432475037168,0.0392868513212341,16.27552019167097,0.2846217030814939,0.2846217030814939
