variable,KS_stat,KS_p,min_df_real,min_df_syn,max_df_real,max_df_syn,mean_df_real,mean_df_syn,std_df_real,std_df_syn,Δmean_%,Δstd_%,corr_diff_OB,corr_absdiff_OB
E,0.14102564102564102,0.02260919842336402,47.0,47.0,84.0,84.0,67.95384615384616,70.512,9.111164731235766,8.192577696748994,3.7645460719945065,10.081993483637525,0.029330562546290122,0.029330562546290122
OB,0.13138461538461538,0.04062183791656554,16.34465789794922,18.13658414734277,28.62692451477051,28.62692451477051,24.159813181559244,24.004839460934246,1.935600324525311,2.0775254912381063,0.6414524792074145,7.33235910918375,,
RD,0.17015384615384616,0.0029907022167600644,2.3045048320546,2.3045048320546,2.76527281622122,2.76527281622122,2.5327704661695654,2.497074878470998,0.0939844978737863,0.1113534593061917,1.4093494920026168,18.480666306847468,0.14289233162885226,0.14289233162885226
TC,0.13046153846153846,0.042872275793833785,210.361040496,210.361040496,378.44629769232006,378.44629769232006,265.86332496566956,269.3395868573722,31.658854358240923,40.85199913825689,1.307537206251178,29.03814735678415,0.10747695684484009,0.10747695684484009
UCS,0.21846153846153846,4.486855670620236e-05,32.6004485087874,32.6004485087874,38.9753699592698,38.9753699592698,34.74637089848558,34.0148242405889,1.8443556740069933,1.5425491629250492,2.105390114075316,16.363791178416495,0.012436101937412458,0.012436101937412458
W,0.11169230769230769,0.11823186735393626,50.0,50.0,80.0,80.0,67.32820512820513,69.084,8.56840121254536,8.048356862911278,2.6078147612155975,6.069327716267561,-0.14197492064061448,0.14197492064061448
