variable,KS_stat,KS_p,min_df_real,min_df_syn,max_df_real,max_df_syn,mean_df_real,mean_df_syn,std_df_real,std_df_syn,Δmean_%,Δstd_%,corr_diff_OB,corr_absdiff_OB
E,0.08287640449438202,0.7195886120983491,48.0,48.0,84.0,84.0,67.12359550561797,68.62,10.389921060946847,10.23477417482372,2.2293270840307846,1.4932441277756294,-0.024352787062011216,0.024352787062011216
OB,0.22678651685393258,0.0018624973784804374,19.72596168518066,19.72596168518066,28.0965747833252,28.0965747833252,24.546923690967347,23.75766591259357,1.895670772009485,1.6748581636419675,3.2153022036898746,11.648257262168526,,
RD,0.081438202247191,0.7385392689906007,2.52772931277384,2.52772931277384,2.79520196953427,2.79520196953427,2.6668911851242982,2.6710165668087456,0.06503598452989645,0.06834632667470995,0.15468878923357696,5.0900161944052185,0.23333880377717908,0.23333880377717908
TC,0.1496179775280899,0.0936534777383243,221.670773856,221.670773856,363.1555381896001,363.1555381896001,284.63841325390655,277.5729963364232,34.52382547680247,29.144222056264763,2.482242939986013,15.582292362566424,-0.13385629121728113,0.13385629121728113
UCS,0.13707865168539327,0.15172643487520576,39.0466544976046,39.0466544976046,49.1266576944503,49.1266576944503,43.32996210733686,43.96235402097428,2.89049422350431,2.8971258018967303,1.4594794984377,0.22942714565878292,0.16841388212151648,0.16841388212151648
W,0.1296629213483146,0.19795363231494584,50.0,50.0,80.0,80.0,70.58426966292134,68.708,7.331143078370962,7.9601628608392385,2.6581980261062936,8.580105117904257,0.014054722442195966,0.014054722442195966
