variable,KS_stat,KS_p,min_df_real,min_df_syn,max_df_real,max_df_syn,mean_df_real,mean_df_syn,std_df_real,std_df_syn,Δmean_%,Δstd_%,corr_diff_OB,corr_absdiff_OB
E,0.08778861587850352,0.7020526127494905,48.0,48.0,84.0,84.0,67.12359550561797,65.71978021978022,10.389921060946847,10.634746758877851,2.091388691656479,2.3563768819305095,0.01910451374205213,0.01910451374205213
OB,0.1348931966909495,0.2023651753857763,19.72596168518066,19.72596168518066,28.0965747833252,28.0965747833252,24.546923690967347,25.055512573659055,1.895670772009485,1.9950323013377635,2.071904769390044,5.241497141557923,,
RD,0.09871589085072231,0.5609991964403422,2.52772931277384,2.52772931277384,2.79520196953427,2.79520196953427,2.6668911851242982,2.6747393751015665,0.06503598452989645,0.06916740801736401,0.29428234721543334,6.352519327980432,-0.10236149275348828,0.10236149275348828
TC,0.20095073465859983,0.013254383819904823,221.670773856,222.71981169003777,363.1555381896001,363.1555381896001,284.63841325390655,295.5080850874395,34.52382547680247,33.26866629364143,3.8187649057180537,3.6356318160754846,-0.014942326895567876,0.014942326895567876
UCS,0.1389060377824423,0.17725431281535234,39.0466544976046,39.0466544976046,49.1266576944503,49.1266576944503,43.32996210733686,44.199571565148574,2.89049422350431,3.1085714038113568,2.0069471920088424,7.544632974307899,-0.02246657258952295,0.02246657258952295
W,0.1547721940980368,0.099870110557111,50.0,50.0,80.0,80.0,70.58426966292134,72.26373626373626,7.331143078370962,6.033671934480016,2.3793780240771367,17.698074229634013,0.05973256037590649,0.05973256037590649
