variable,KS_stat,KS_p,min_df_real,min_df_syn,max_df_real,max_df_syn,mean_df_real,mean_df_syn,std_df_real,std_df_syn,Δmean_%,Δstd_%,corr_diff_OB,corr_absdiff_OB
E,0.11384269662921348,0.33169111654281175,48.0,48.0,84.0,84.0,67.12359550561797,66.112,10.389921060946847,10.018630035646822,1.5070639437562523,3.57356926122933,-0.21488013164290937,0.21488013164290937
OB,0.19986516853932584,0.008827764447116969,19.72596168518066,19.72596168518066,28.0965747833252,28.0965747833252,24.546923690967347,23.888354295843694,1.895670772009485,1.9246457140192335,2.6828999161551277,1.5284796515071353,,
RD,0.1797303370786517,0.024619344998663136,2.52772931277384,2.52772931277384,2.79520196953427,2.79520196953427,2.6668911851242982,2.638499702821041,0.06503598452989645,0.07177458020203904,1.0645909537521483,10.361334145624113,0.05871750217668884,0.05871750217668884
TC,0.09555056179775281,0.547380589238767,221.670773856,221.670773856,363.1555381896001,363.1555381896001,284.63841325390655,288.3977767669617,34.52382547680247,36.404380590807875,1.3207505867107585,5.447122640765714,0.20275267371880373,0.20275267371880373
UCS,0.1061123595505618,0.41573759609109673,39.0466544976046,39.0466544976046,49.1266576944503,49.1266576944503,43.32996210733686,42.921162943145085,2.89049422350431,2.942849859474304,0.9434560851428653,1.811303947409454,0.12442701113219597,0.12442701113219597
W,0.22939325842696628,0.0015971424347465822,50.0,51.0,80.0,80.0,70.58426966292134,73.556,7.331143078370962,7.162406317504482,4.210187838268012,2.3016432643946114,0.15585274641473254,0.15585274641473254
