variable,KS_stat,KS_p,min_df_real,min_df_syn,max_df_real,max_df_syn,mean_df_real,mean_df_syn,std_df_real,std_df_syn,Δmean_%,Δstd_%,corr_diff_OB,corr_absdiff_OB
E,0.07838202247191012,0.7783677487292878,48.0,48.0,84.0,84.0,67.12359550561797,66.64,10.389921060946847,10.829010567892066,0.7204553063273968,4.226110134711285,-0.04711528539052401,0.04711528539052401
OB,0.2075056179775281,0.005796034524253864,19.72596168518066,19.72596168518066,28.0965747833252,28.0965747833252,24.546923690967347,25.408500326319764,1.895670772009485,1.9416247196783192,3.5099169500796585,2.4241523553215405,,
RD,0.13208988764044943,0.18197419440217097,2.52772931277384,2.52772931277384,2.79520196953427,2.79520196953427,2.6668911851242982,2.670444559567054,0.06503598452989645,0.08065038170566063,0.13324032351131193,24.008858001290495,0.24256171493190926,0.24256171493190926
TC,0.13078651685393258,0.19032805193783014,221.670773856,224.05584247022483,363.1555381896001,363.1555381896001,284.63841325390655,290.0541421561519,34.52382547680247,34.17592941778381,1.9026697206235217,1.0076984639272084,-0.07800356465802619,0.07800356465802619
UCS,0.1369887640449438,0.15252133571483878,39.0466544976046,39.0466544976046,49.1266576944503,49.1266576944503,43.32996210733686,43.91032132167354,2.89049422350431,3.2967230452183482,1.3393946962127585,14.053957223322293,0.1349407028850325,0.1349407028850325
W,0.09564044943820224,0.5465089892487636,50.0,50.0,80.0,80.0,70.58426966292134,69.564,7.331143078370962,8.395226220488206,1.445463228271234,14.514559745211614,-0.1287811442574626,0.1287811442574626
