variable,KS_stat,KS_p,min_df_real,min_df_syn,max_df_real,max_df_syn,mean_df_real,mean_df_syn,std_df_real,std_df_syn,Δmean_%,Δstd_%,corr_diff_OB,corr_absdiff_OB
E,0.05827129859387924,0.9412402672665039,47.0,49.0,84.0,84.0,67.95384615384616,68.43548387096774,9.111164731235766,9.064575860806897,0.7087718273240354,0.5113382515096325,0.0028582815728516106,0.0028582815728516106
OB,0.1403639371381307,0.08947515313489134,16.34465789794922,19.119916069612994,28.62692451477051,28.51022988102259,24.159813181559244,23.886634086581847,1.935600324525311,2.025642780889107,1.1307169179019099,4.651913683979757,,
RD,0.0868899917287014,0.5771685337648346,2.3045048320546,2.31742515458079,2.76527281622122,2.76527281622122,2.5327704661695654,2.523316622367456,0.0939844978737863,0.09355284593775948,0.3732609775888225,0.459279929975152,0.00661628799913766,0.00661628799913766
TC,0.21356492969396196,0.001619805033552899,210.361040496,210.361040496,378.44629769232006,351.25050554873735,265.86332496566956,252.39119345059558,31.658854358240923,29.314831196866415,5.067314762881854,7.404005005519968,-0.2770544318422462,0.2770544318422462
UCS,0.16902398676592226,0.022494065027686225,32.6004485087874,32.6004485087874,38.9753699592698,38.9753699592698,34.74637089848558,34.4029045926367,1.8443556740069933,1.7675784848686156,0.9884954801534054,4.162819038669055,0.05099100096810309,0.05099100096810309
W,0.08544251447477254,0.5981006295707207,50.0,50.0,80.0,80.0,67.32820512820513,67.9274193548387,8.56840121254536,8.50076360711275,0.8899899016950713,0.7893842007954907,-0.2292006562322828,0.2292006562322828
