variable,KS_stat,KS_p,min_df_real,min_df_syn,max_df_real,max_df_syn,mean_df_real,mean_df_syn,std_df_real,std_df_syn,Δmean_%,Δstd_%,corr_diff_OB,corr_absdiff_OB
E,0.08523076923076923,0.3766733965824316,47.0,47.0,84.0,84.0,67.95384615384616,68.836,9.111164731235766,10.323341976231966,1.2981661761376233,13.304306098652402,-0.0020135080813628685,0.0020135080813628685
OB,0.35394871794871796,1.0295583239944773e-12,16.34465789794922,16.34465789794922,28.62692451477051,28.62692451477051,24.159813181559244,25.52249269013678,1.935600324525311,2.615913343886533,5.640273367749335,35.14739126362314,,
RD,0.26953846153846156,1.6468725017296278e-07,2.3045048320546,2.3045048320546,2.76527281622122,2.76527281622122,2.5327704661695654,2.4743284961938112,0.0939844978737863,0.12914100063120437,2.30743254299375,37.406703820726264,0.3435842745276721,0.3435842745276721
TC,0.11138461538461539,0.12003783597125013,210.361040496,210.361040496,378.44629769232006,378.44629769232006,265.86332496566956,269.08970547630173,31.658854358240923,40.561068312078724,1.21354854455716,28.119191721542002,-0.006136248486275227,0.006136248486275227
UCS,0.1910769230769231,0.000552528902043982,32.6004485087874,32.6004485087874,38.9753699592698,38.9753699592698,34.74637089848558,35.66251761622373,1.8443556740069933,2.1971090891736624,2.6366687917271237,19.12610567136956,0.09818859728379747,0.09818859728379747
W,0.1044102564102564,0.1679752229797445,50.0,50.0,80.0,80.0,67.32820512820513,69.096,8.56840121254536,8.814850558089217,2.6256379008301916,2.876258235702024,-0.1751556107784651,0.1751556107784651
