variable,KS_stat,KS_p,min_df_real,min_df_syn,max_df_real,max_df_syn,mean_df_real,mean_df_syn,std_df_real,std_df_syn,Δmean_%,Δstd_%,corr_diff_OB,corr_absdiff_OB
E,0.11289887640449438,0.34126605320064346,48.0,48.0,84.0,84.0,67.12359550561797,69.612,10.389921060946847,10.237219282331415,3.707197857381937,1.4697106717142034,-0.20287194043446014,0.20287194043446014
OB,0.12975280898876404,0.19769459191394215,19.72596168518066,19.72596168518066,28.0965747833252,28.0965747833252,24.546923690967347,24.80503768696248,1.895670772009485,2.1267547720417954,1.0515126019237209,12.190091414830988,,
RD,0.12008988764044944,0.27310038256415936,2.52772931277384,2.52772931277384,2.79520196953427,2.79520196953427,2.6668911851242982,2.678576921318667,0.06503598452989645,0.0732542352294953,0.4381782151272864,12.63646696344641,0.18081716598264092,0.18081716598264092
TC,0.14269662921348314,0.12301382889021933,221.670773856,221.670773856,363.1555381896001,363.1555381896001,284.63841325390655,277.7272728591331,34.52382547680247,37.35365892915258,2.428042060720897,8.196755177816174,-0.026162695345137738,0.026162695345137738
UCS,0.13132584269662922,0.1869672123166312,39.0466544976046,39.0466544976046,49.1266576944503,49.1266576944503,43.32996210733686,44.04382879612216,2.89049422350431,3.0833343780964055,1.6475128388455473,6.671528800297608,0.00020499913512278534,0.00020499913512278534
W,0.1216629213483146,0.2592949629167523,50.0,50.0,80.0,80.0,70.58426966292134,69.216,7.331143078370962,8.001088279391652,1.938490926456517,9.138345737612664,-0.003616963114488919,0.003616963114488919
