variable,KS_stat,KS_p,min_df_real,min_df_syn,max_df_real,max_df_syn,mean_df_real,mean_df_syn,std_df_real,std_df_syn,Δmean_%,Δstd_%,corr_diff_OB,corr_absdiff_OB
E,0.2792808988764045,5.113264743936825e-05,48.0,48.0,84.0,84.0,67.12359550561797,74.224,10.389921060946847,8.949087588949993,10.578105122196042,13.8676074971585,0.026341649850997073,0.026341649850997073
OB,0.12593258426966292,0.22528939296828215,19.72596168518066,19.72596168518066,28.0965747833252,28.0965747833252,24.546923690967347,24.291661021161698,1.895670772009485,2.422164727803852,1.0398967830725327,27.77349123951439,,
RD,0.10826966292134832,0.3911498094997389,2.52772931277384,2.52772931277384,2.79520196953427,2.79520196953427,2.6668911851242982,2.677348553545085,0.06503598452989645,0.0681918854610322,0.3921183016057556,4.852545792762606,0.12409104468707002,0.12409104468707002
TC,0.26669662921348314,0.00012997665093339626,221.670773856,221.670773856,363.1555381896001,349.1848765816014,284.63841325390655,265.45624925742976,34.52382547680247,28.628604183548404,6.7391339690211165,17.075805510646727,-0.14611651722467048,0.14611651722467048
UCS,0.1221123595505618,0.2557323287298752,39.0466544976046,39.0466544976046,49.1266576944503,49.1266576944503,43.32996210733686,43.85908498947082,2.89049422350431,3.3106217067423676,1.2211478071991098,14.534797538137536,-0.031093899647565842,0.031093899647565842
W,0.0830561797752809,0.7167965358163388,50.0,50.0,80.0,80.0,70.58426966292134,71.208,7.331143078370962,7.699471634717233,0.8836676217764964,5.024162704352327,0.025775159586777285,0.025775159586777285
