variable,KS_stat,KS_p,min_df_real,min_df_syn,max_df_real,max_df_syn,mean_df_real,mean_df_syn,std_df_real,std_df_syn,Δmean_%,Δstd_%,corr_diff_OB,corr_absdiff_OB
E,0.07825641025641025,0.48266715409948624,47.0,47.0,84.0,84.0,67.95384615384616,67.272,9.111164731235766,10.399162771366814,1.0033959701154456,14.13648065998927,-0.07223294575788994,0.07223294575788994
OB,0.051076923076923075,0.9189023760928544,16.34465789794922,19.879567824967022,28.62692451477051,28.498648133292825,24.159813181559244,24.24770263419291,1.935600324525311,1.7620217079966274,0.36378365996946227,8.967688955681623,,
RD,0.08153846153846153,0.4309955214316368,2.3045048320546,2.3045048320546,2.76527281622122,2.76527281622122,2.5327704661695654,2.5301945370562637,0.0939844978737863,0.11672653735318833,0.10170400941212454,24.197649605683704,0.5565895404917875,0.5565895404917875
TC,0.19743589743589743,0.00031796773447772517,210.361040496,210.361040496,378.44629769232006,369.15654893953626,265.86332496566956,256.0737597758976,31.658854358240923,31.604780334192384,3.6821796278354806,0.17080221361346176,0.22108229178673938,0.22108229178673938
UCS,0.11733333333333333,0.08860740110713884,32.6004485087874,32.6004485087874,38.9753699592698,38.7635176815053,34.74637089848558,34.39214482194028,1.8443556740069933,1.5083224161180349,1.0194620830480197,18.21954748883767,0.11362632762138526,0.11362632762138526
W,0.12092307692307692,0.07321118094448942,50.0,50.0,80.0,80.0,67.32820512820513,66.4,8.56840121254536,8.919992436108954,1.3786274659151192,4.103346876996991,-0.09675322492281409,0.09675322492281409
