variable,KS_stat,KS_p,min_df_real,min_df_syn,max_df_real,max_df_syn,mean_df_real,mean_df_syn,std_df_real,std_df_syn,Δmean_%,Δstd_%,corr_diff_OB,corr_absdiff_OB
E,0.16574358974358974,0.004163066436577749,47.0,49.0,84.0,84.0,67.95384615384616,71.028,9.111164731235766,8.108898379664582,4.523884989812026,11.000419607550372,-0.100262298689231,0.100262298689231
OB,0.20512820512820512,0.0001589940278568692,16.34465789794922,16.34465789794922,28.62692451477051,28.62692451477051,24.159813181559244,24.9441150515677,1.935600324525311,2.060150711025757,3.246307676779003,6.434716140633349,,
RD,0.11856410256410256,0.08305108936767791,2.3045048320546,2.3045048320546,2.76527281622122,2.76527281622122,2.5327704661695654,2.5159526534461256,0.0939844978737863,0.10496742581508733,0.6640085609047516,11.685893088382917,0.1808196676415455,0.1808196676415455
TC,0.14276923076923076,0.020246406628051127,210.361040496,210.361040496,378.44629769232006,378.44629769232006,265.86332496566956,272.3969325708266,31.658854358240923,49.010274157002556,2.4575061663735274,54.80747850954513,0.2147117259903903,0.2147117259903903
UCS,0.24112820512820513,4.32691827816848e-06,32.6004485087874,32.6004485087874,38.9753699592698,38.9753699592698,34.74637089848558,35.60773059873293,1.8443556740069933,1.9096587836327508,2.478991842813909,3.5407004487288742,0.06433433389434949,0.06433433389434949
W,0.06994871794871795,0.6244108629904307,50.0,50.0,80.0,80.0,67.32820512820513,66.3,8.56840121254536,8.504782495819914,1.5271536293700767,0.7424805999080978,0.15023324114244146,0.15023324114244146
