variable,KS_stat,KS_p,min_df_real,min_df_syn,max_df_real,max_df_syn,mean_df_real,mean_df_syn,std_df_real,std_df_syn,Δmean_%,Δstd_%,corr_diff_OB,corr_absdiff_OB
E,0.2258426966292135,0.0019725591854236465,48.0,48.0,84.0,80.0,67.12359550561797,62.072,10.389921060946847,9.675602572479,7.52581185135575,6.875109871168556,-0.08698773546420041,0.08698773546420041
OB,0.16737078651685394,0.043832781769103976,19.72596168518066,19.72596168518066,28.0965747833252,28.0965747833252,24.546923690967347,24.072031593259634,1.895670772009485,1.7079208406452804,1.9346297877743506,9.90414232979302,,
RD,0.1819325842696629,0.02216791193743111,2.52772931277384,2.52772931277384,2.79520196953427,2.7658696570578,2.6668911851242982,2.641470235251368,0.06503598452989645,0.06907054229624483,0.9532053656600817,6.203577597002004,-0.17084412538719662,0.17084412538719662
TC,0.17869662921348314,0.02594172583914927,221.670773856,221.670773856,363.1555381896001,363.1555381896001,284.63841325390655,277.59626648816476,34.52382547680247,37.47066026803438,2.4740676022037635,8.53565545107938,-0.08039984716930845,0.08039984716930845
UCS,0.14211235955056178,0.1257108667158409,39.0466544976046,39.0466544976046,49.1266576944503,48.1820890142557,43.32996210733686,42.82513670729676,2.89049422350431,2.769577288060655,1.1650723321417653,4.183261618735184,-0.07005727096874598,0.07005727096874598
W,0.09797752808988765,0.5158580736242918,50.0,50.0,80.0,80.0,70.58426966292134,71.888,7.331143078370962,7.2085580553220066,1.847055078000625,1.6721133626569216,0.17534522286859866,0.17534522286859866
