variable,KS_stat,KS_p,min_df_real,min_df_syn,max_df_real,max_df_syn,mean_df_real,mean_df_syn,std_df_real,std_df_syn,Δmean_%,Δstd_%,corr_diff_OB,corr_absdiff_OB
E,0.2592820512820513,5.597892613412033e-07,47.0,48.0,84.0,84.0,67.95384615384616,73.124,9.111164731235766,8.223571762325692,7.608331446683144,9.741816717099244,-0.09280676113414224,0.09280676113414224
OB,0.3251282051282051,9.045832890454556e-11,16.34465789794922,17.034472139716755,28.62692451477051,28.62692451477051,24.159813181559244,25.463331532913827,1.935600324525311,1.8785636021407226,5.395399134747787,2.9467200259199555,,
RD,0.18512820512820513,0.0009112085158748434,2.3045048320546,2.3045048320546,2.76527281622122,2.76527281622122,2.5327704661695654,2.5016827391659473,0.0939844978737863,0.12418135819371316,1.2274198321106176,32.12961818464738,0.1386393441407442,0.1386393441407442
TC,0.1278974358974359,0.04970183552528527,210.361040496,211.72972506474326,378.44629769232006,378.44629769232006,265.86332496566956,263.83557968131043,31.658854358240923,37.32067394736579,0.7627021457814683,17.88384230540198,0.27880620396464717,0.27880620396464717
UCS,0.07487179487179488,0.5389082582173171,32.6004485087874,32.6004485087874,38.9753699592698,38.9753699592698,34.74637089848558,34.86389045929493,1.8443556740069933,1.8669553217180976,0.3382211084797566,1.2253410787081405,0.11818673560780522,0.11818673560780522
W,0.2916923076923077,9.889209353795915e-09,50.0,50.0,80.0,80.0,67.32820512820513,61.328,8.56840121254536,8.84246417526037,8.911874476349928,3.1985309267930826,0.17976643235775364,0.17976643235775364
