variable,KS_stat,KS_p,min_df_real,min_df_syn,max_df_real,max_df_syn,mean_df_real,mean_df_syn,std_df_real,std_df_syn,Δmean_%,Δstd_%,corr_diff_OB,corr_absdiff_OB
E,0.18994871794871795,0.0006082668508536517,47.0,47.0,84.0,84.0,67.95384615384616,71.364,9.111164731235766,8.018521731781501,5.018338238623428,11.992352588119076,0.005290318665114018,0.005290318665114018
OB,0.10164102564102565,0.19075295099002076,16.34465789794922,16.34465789794922,28.62692451477051,28.62692451477051,24.159813181559244,24.126880633876027,1.935600324525311,2.4055518080050105,0.1363112679544733,24.27936581353426,,
RD,0.0837948717948718,0.3973209023781629,2.3045048320546,2.3045048320546,2.76527281622122,2.76527281622122,2.5327704661695654,2.520205017531057,0.0939844978737863,0.1020703640313929,0.4961147804880595,8.603404114984203,0.11233116936176393,0.11233116936176393
TC,0.382051282051282,8.687944198286873e-15,210.361040496,210.361040496,378.44629769232006,378.44629769232006,265.86332496566956,249.20155753815604,31.658854358240923,41.625469816605275,6.267042447342055,31.481289075040987,0.15184207986563153,0.15184207986563153
UCS,0.11887179487179488,0.08169730151898018,32.6004485087874,32.6004485087874,38.9753699592698,38.9753699592698,34.74637089848558,34.372635868046856,1.8443556740069933,1.6714923143539486,1.075608821222253,9.372560948474382,-0.04749428723086237,0.04749428723086237
W,0.05323076923076923,0.893947203954938,50.0,50.0,80.0,80.0,67.32820512820513,67.484,8.56840121254536,8.432209236637915,0.23139614593646687,1.5894677726811548,0.04698061720314736,0.04698061720314736
