trial,pac,epochs,n_sample,score,mean_abs_corrdiff_OB,mean_Δmean_%,mean_Δstd_%
n250_pac10_ep1000,10,1000,250,0.05830658809175762,0.0678003672097874,1.073234837341513,7.7399490456010795
n250_pac5_ep1500,5,1500,250,0.07135103418709449,0.05930328520682654,3.3152760333500453,14.569255498149237
n250_pac10_ep1200,10,1200,250,0.07147077051076983,0.1021215417669484,1.2529648193162402,3.8459579059841515
n250_pac10_ep1500,10,1500,250,0.07700335931423447,0.07736685366949453,2.850354645943606,12.441268910325265
n250_pac5_ep1000,5,1000,250,0.0771870340173159,0.07278769446530384,2.204135283594456,14.553073385472345
n250_pac8_ep1000,8,1000,250,0.08516076325705565,0.08682217471960188,1.9726816874577715,14.561047525189492
n250_pac8_ep1200,8,1200,250,0.0868315843591554,0.09166307833433182,2.9772748090883234,12.93959387018983
n250_pac8_ep1500,8,1500,250,0.11645246409953966,0.13267228823646915,2.508809663793987,15.915735915035102
n250_pac5_ep1200,5,1200,250,0.11961319916988894,0.14207225347159155,2.4829754776755486,14.701948065791454
