variable,KS_stat,KS_p,min_df_real,min_df_syn,max_df_real,max_df_syn,mean_df_real,mean_df_syn,std_df_real,std_df_syn,Δmean_%,Δstd_%,corr_diff_OB,corr_absdiff_OB
E,0.13689887640449439,0.1527256626418324,48.0,48.0,84.0,84.0,67.12359550561797,69.848,10.389921060946847,9.74045181736585,4.058788081687261,6.250954552697511,-0.2772495847641047,0.2772495847641047
OB,0.1011685393258427,0.4754109460803768,19.72596168518066,19.72596168518066,28.0965747833252,28.0965747833252,24.546923690967347,24.552045877762424,1.895670772009485,2.2080091965966933,0.020866919454195734,16.47640662075264,,
RD,0.27608988764044945,6.476734343474174e-05,2.52772931277384,2.52772931277384,2.79520196953427,2.79520196953427,2.6668911851242982,2.706921142298996,0.06503598452989645,0.06933515980205752,1.5009970184747936,6.610456200780165,0.1642816768301631,0.1642816768301631
TC,0.14269662921348314,0.12301382889021933,221.670773856,221.670773856,363.1555381896001,363.1555381896001,284.63841325390655,277.35943576454486,34.52382547680247,35.988313927653834,2.5572716648292255,4.241964587138094,-0.08709287510846045,0.08709287510846045
UCS,0.07276404494382023,0.8463568279223672,39.0466544976046,39.0466544976046,49.1266576944503,49.1266576944503,43.32996210733686,43.28636363202887,2.89049422350431,2.9138816158679406,0.10061969405831662,0.8091139630532999,0.1762918337260473,0.1762918337260473
W,0.08764044943820225,0.654811732221542,50.0,50.0,80.0,80.0,70.58426966292134,69.532,7.331143078370962,7.928962718994004,1.4907991085641288,8.15452152866454,0.15557940966174755,0.15557940966174755
