variable,KS_stat,KS_p,min_df_real,min_df_syn,max_df_real,max_df_syn,mean_df_real,mean_df_syn,std_df_real,std_df_syn,Δmean_%,Δstd_%,corr_diff_OB,corr_absdiff_OB
E,0.1298426966292135,0.19673336724225385,48.0,48.0,84.0,84.0,67.12359550561797,65.54,10.389921060946847,8.993103113745434,2.3592233009708194,13.443970738637976,-0.27488291191878406,0.27488291191878406
OB,0.23137078651685394,0.001401824142568411,19.72596168518066,19.72596168518066,28.0965747833252,28.000137993873516,24.546923690967347,23.707402983793514,1.895670772009485,1.5723419095465094,3.4200648429225415,17.056171738094783,,
RD,0.38440449438202245,3.418511353981511e-09,2.52772931277384,2.56318002724319,2.79520196953427,2.79520196953427,2.6668911851242982,2.7261311970862003,0.06503598452989645,0.0639085538294974,2.2213134263713434,1.7335490629244672,-0.11584341918945319,0.11584341918945319
TC,0.09869662921348314,0.5066850267305,221.670773856,221.670773856,363.1555381896001,363.1555381896001,284.63841325390655,280.7871189933454,34.52382547680247,34.39140911982343,1.3530479658504988,0.3835506498780481,0.011156837544684911,0.011156837544684911
UCS,0.25725842696629214,0.0002526515984555654,39.0466544976046,39.0964122667033,49.1266576944503,49.1266576944503,43.32996210733686,45.155439074109246,2.89049422350431,2.817385608467241,4.212966912480274,2.5292773271281686,-0.0039251034600129575,0.0039251034600129575
W,0.05303370786516854,0.9866103148819244,50.0,56.0,80.0,80.0,70.58426966292134,70.8,7.331143078370962,6.860632120465977,0.3056351480420233,6.4179753808525115,0.17799882538545914,0.17799882538545914
