variable,KS_stat,KS_p,min_df_real,min_df_syn,max_df_real,max_df_syn,mean_df_real,mean_df_syn,std_df_real,std_df_syn,Δmean_%,Δstd_%,corr_diff_OB,corr_absdiff_OB
E,0.10584269662921349,0.41860692265395144,48.0,48.0,84.0,84.0,67.12359550561797,65.372,10.389921060946847,10.630033227873882,2.609507867425462,2.311010502568061,-0.030062906525680277,0.030062906525680277
OB,0.1835056179775281,0.02051916116528952,19.72596168518066,19.72596168518066,28.0965747833252,28.0965747833252,24.546923690967347,25.30256769184591,1.895670772009485,1.9119630493510322,3.0783653804920115,0.8594465654111558,,
RD,0.12975280898876404,0.19769459191394215,2.52772931277384,2.52772931277384,2.79520196953427,2.79520196953427,2.6668911851242982,2.6794651790909874,0.06503598452989645,0.06737900952409855,0.4714850773372803,3.6026593755784546,0.020781755115011957,0.020781755115011957
TC,0.2035505617977528,0.007186359033476767,221.670773856,223.8480180431224,363.1555381896001,363.1555381896001,284.63841325390655,298.04764639019743,34.52382547680247,35.16617553247673,4.710971011607406,1.8605993015051334,0.08743483021068221,0.08743483021068221
UCS,0.13550561797752808,0.16094406972423167,39.0466544976046,39.0466544976046,49.1266576944503,49.1266576944503,43.32996210733686,44.20260837767216,2.89049422350431,3.0251072050184162,2.013955766159142,4.6570922169448465,0.0194799681120843,0.0194799681120843
W,0.11289887640449438,0.34126605320064346,50.0,50.0,80.0,80.0,70.58426966292134,71.764,7.331143078370962,6.580083128342956,1.6713785418656253,10.244786413236874,0.0668637665507458,0.0668637665507458
