variable,KS_stat,KS_p,min_df_real,min_df_syn,max_df_real,max_df_syn,mean_df_real,mean_df_syn,std_df_real,std_df_syn,Δmean_%,Δstd_%,corr_diff_OB,corr_absdiff_OB
E,0.06945595139464236,0.2897489696622285,47.0,47.0,84.0,84.0,67.69366197183099,66.24183006535948,9.519618684562289,10.040850208712,2.144708772108729,5.47534036205592,0.1162981240095436,0.1162981240095436
OB,0.0905596980576268,0.07693086903338794,16.34465789794922,19.119916069612994,28.62692451477051,28.51022988102259,24.28112598204277,24.548292630904232,1.9282371448295248,2.0394700968691564,1.1003058468500817,5.768634440936878,,
RD,0.1803369235017951,5.386588245228813e-06,2.3045048320546,2.3045048320546,2.79520196953427,2.79520196953427,2.5748012548560837,2.616331746975033,0.10608824167993909,0.10891350641014004,1.6129591377434145,2.6631271151594222,-0.050685468963875296,0.050685468963875296
TC,0.15663260609408083,0.00012526003857282048,210.361040496,210.361040496,378.44629769232006,378.44629769232006,271.74706742219456,279.87717194925654,33.672232725147694,38.162228888158545,2.9917910813847954,13.3344177074941,-0.20300521245349495,0.20300521245349495
UCS,0.28440578109177944,2.4365219299234584e-14,32.6004485087874,32.6004485087874,49.1266576944503,49.1266576944503,37.43629912942841,40.200758800409396,4.565022390776883,5.414307964420532,7.3844363232149375,18.60419294677173,-0.13706782131474346,0.13706782131474346
W,0.12878578661511553,0.0028523034313004377,50.0,50.0,80.0,80.0,68.34859154929578,69.97875816993464,8.3264849346016,7.666186501554128,2.3850771225667384,7.930098213514474,-0.1768091547379981,0.1768091547379981
